Item,Open,Close,Volume
0,0.5662436028659164,0.5630899002927747,0.16381512605042015
1,0.585731832139202,0.5504575886002092,0.08319327731092437
2,0.5944319344933473,0.5580124071003008,0.17243697478991593
3,0.6437256908904812,0.5728763589460106,0.14677310924369746
4,0.6537973387922213,0.6324959564318329,0.08452100840336134
5,0.6330399181166837,0.650246708842618,0.3075294117647059
6,0.6572773797338796,0.6253301394263251,0.08268907563025209
7,0.6276765609007167,0.6075384394897938,0.10534453781512605
8,0.6363971340839307,0.6090330241795141,0.17099159663865543
9,0.5905424769703171,0.5857953033187973,0.046991596638655445
10,0.5918526100307067,0.5702557172982821,0.08742857142857142
11,0.581555783009212,0.5798988596114079,0.055764705882352925
12,0.5718116683725696,0.5555146080298097,0.07976470588235295
13,0.606693961105425,0.559486518027148,0.16243697478991592
14,0.565772773797339,0.5630080052412834,0.12043697478991595
15,0.5192630501535311,0.5335462604672112,0.24915966386554622
16,0.5027430910951898,0.49134983518620867,0.12472268907563024
17,0.5207369498464689,0.4849620211698711,0.2757142857142857
18,0.49922210849539406,0.505128677599656,0.38936134453781507
19,0.5451586489252818,0.4728825010748725,0.6950588235294118
20,0.6244012282497446,0.6116127183014965,0.14625210084033613
21,0.65410440122825,0.6421390987449587,0.03285714285714285
22,0.6797952917093144,0.6391294556026454,0.1853109243697479
23,0.6977686796315252,0.6792989783592325,0.05689075630252101
24,0.7193039918116684,0.6773539708863088,0.03677310924369746
25,0.7071647901740024,0.6911328132997561,0.09273949579831932
26,0.7177686796315252,0.7126507380791511,0.03905882352941177
27,0.724380757420676,0.7097639375140758,0.053647058823529395
28,0.7213510747185263,0.6897405974244006,0.13801680672268907
29,0.7680859774820883,0.7391233134737831,0.09398319327731093
30,0.7599181166837257,0.7713080687099483,0.177563025210084
31,0.6590174002047084,0.7432590135741046,0.37919327731092434
32,0.6994882292732858,0.6492025469361011,0.22028571428571425
33,0.7054657113613105,0.6732182707859877,0.2642689075630252
34,0.7537768679631527,0.7367893045062752,0.14682352941176469
35,0.7410030706243602,0.7374649386810801,0.1292268907563025
36,0.7710747185261004,0.7432180660483589,0.0953109243697479
37,0.7885158648925281,0.7597608664496445,0.188453781512605
38,0.760245649948823,0.7896525602440474,0.14786554621848735
39,0.7713203684749237,0.7816473189607516,0.23033613445378148
40,0.7614738996929376,0.7344757693016399,0.25983193277310923
41,0.8124462640736954,0.74841840181807,0.5055630252100841
42,0.798382804503583,0.8009131298241305,1.0
43,0.9823746161719553,1.0,0.4889915966386555
44,0.9677789150460598,0.9615502733247343,0.10966386554621847
45,0.9614738996929377,0.9409127203488725,0.14425210084033613
46,0.9620675537359262,0.9259873472145443,0.07746218487394958
47,0.9335107471852613,0.9475666932825582,0.1486554621848739
48,0.8926305015353124,0.9131093503675038,0.04122689075630252
49,0.9096827021494374,0.8879470957967364,0.08884033613445379
50,0.8933060388945755,0.8852240853346438,0.13603361344537812
51,0.8789764585465716,0.868374178490265,0.0709579831932773
52,0.8668781985670422,0.8573592940646559,0.0808235294117647
53,0.8495394063459569,0.8495792641729625,0.0851596638655462
54,0.8357830092118737,0.8226767397579997,0.023697478991596646
55,0.827983623336745,0.8162479782159164,0.011193277310924357
56,0.821432958034801,0.8085498433757139,0.04613445378151261
57,0.8403070624360289,0.8199946768216528,0.06363025210084032
58,0.8570726714431935,0.8264848596523557,0.04902521008403361
59,0.8406755373592634,0.8428638699506581,0.057512605042016815
60,0.8435619242579326,0.8251745388284912,0.0672436974789916
61,0.8176663254861825,0.8143848657944841,0.034537815126050406
62,0.7920573183213921,0.8009540773498762,0.11368067226890756
63,0.7769907881269194,0.7557275351636878,0.14043697478991596
64,0.7674104401228252,0.7462686567164178,0.06910924369747899
65,0.8010235414534295,0.7580205966054501,0.12815126050420167
66,0.8281883316274312,0.7822410580840651,0.13927731092436973
67,0.816663254861822,0.7976782752902158,0.11258823529411764
68,0.876622313203685,0.8187048297606618,0.17011764705882348
69,0.8585056294779942,0.8770141064226196,0.11741176470588234
70,0.8204298874104405,0.8571545564359275,0.22966386554621848
71,0.8006141248720575,0.8080789468296379,0.13117647058823528
72,0.7964585465711367,0.7795999426734639,0.08625210084033612
73,0.8134698055271241,0.7831828511762176,0.3168739495798319
74,0.8155578300921191,0.7877485002968694,0.11028571428571428
75,0.829703172978506,0.801117867452859,0.09840336134453782
76,0.7813306038894576,0.7974121163728682,0.23564705882352938
77,0.7193039918116684,0.7605798169645599,0.1332268907563025
78,0.6822517911975439,0.7006121655098991,0.07996638655462183
79,0.7367041965199594,0.7024138566427123,0.13368067226890756
80,0.7597543500511774,0.7312613885305983,0.07919327731092436
81,0.7274923234390993,0.7399627377515716,0.21778151260504197
82,0.7245445240532242,0.707675613701042,0.17909243697478988
83,0.6763152507676562,0.6976434698933316,0.16729411764705882
84,0.6517502558853634,0.6526626128616178,0.11129411764705881
85,0.6415353121801437,0.6451692156501445,0.06650420168067227
86,0.6422722620266121,0.6433675245173309,0.17519327731092438
87,0.6577482088024569,0.6337858034928239,0.10109243697478991
88,0.6327123848515868,0.6322093237516122,0.128218487394958
89,0.6512998976458548,0.6069242266036077,0.16045378151260503
90,0.6719754350051184,0.6404602501893821,0.08329411764705881
91,0.6469191402251795,0.6525807178101264,0.06556302521008402
92,0.6933060388945753,0.6384947689535863,0.11468907563025209
93,0.6640327533265098,0.6580881600229307,0.05821848739495798
94,0.6804912998976458,0.6569211555391767,0.11650420168067226
95,0.6353940634595703,0.6547714104375242,0.1752773109243697
96,0.6205322415557832,0.6026452101631756,0.03630252100840335
97,0.6023746161719554,0.6031775279978708,0.06376470588235293
98,0.637052200614125,0.6104047662919969,0.20268907563025207
99,0.7137154554759468,0.6451692156501445,0.28636974789915964
100,0.6735107471852615,0.7045021804557456,0.572420168067227
101,0.6517707267144321,0.6831070982535881,0.5397478991596639
102,0.6584851586489253,0.6364269189034251,0.15914285714285714
103,0.6379119754350056,0.651311344512008,0.2189411764705882
104,0.5665097236438075,0.5941895460966773,0.12835294117647056
105,0.5740429887410441,0.5370063263927278,0.04643697478991597
106,0.5925281473899693,0.5570706140081483,0.1273613445378151
107,0.6010440122824976,0.6013963106279303,0.07631932773109244
108,0.577052200614125,0.5655467518375201,0.12551260504201678
109,0.585957011258956,0.5663861761153086,0.09257142857142857
110,0.6046673490276357,0.5545523411747846,0.21389915966386552
111,0.6304401228249743,0.613250619331327,0.25810084033613445
112,0.5882702149437056,0.5965030813013121,0.09006722689075629
113,0.5923848515864893,0.5768277951804763,0.2025378151260504
114,0.5268986693961106,0.5706856663186128,0.19613445378151256
115,0.5173387922210848,0.49902749626353815,0.1202689075630252
116,0.5512384851586494,0.5255614929467889,0.14021848739495796
117,0.5615557830092124,0.5549618164322419,0.10436974789915966
118,0.5882702149437056,0.5607354175623938,0.10773109243697478
119,0.5841965199590584,0.5683516573511045,0.17845378151260505
120,0.5738996929375642,0.5490039514362346,0.279563025210084
121,0.4952712384851585,0.5534058104539032,0.2675966386554622
122,0.5118730808597753,0.445713817742563,0.23346218487394954
123,0.4638280450358243,0.5055176790942411,0.1486554621848739
124,0.5265301944728762,0.4856171815818029,0.15909243697478992
125,0.5299488229273286,0.48913866879593826,0.1699159663865546
126,0.46178096212896635,0.5018733493028686,0.2673781512605042
127,0.40403275332651,0.49153409905206447,0.27008403361344535
128,0.3760491299897648,0.36218086522121906,0.18640336134453778
129,0.4737359263050154,0.37565260119157307,0.7603193277310925
130,0.46137154554759485,0.44184427655958913,0.3318991596638655
131,0.504953940634596,0.46616710685256857,0.3704705882352941
132,0.4777482088024567,0.48244374833650694,0.2475798319327731
133,0.5043807574206758,0.44608234547427505,0.30045378151260504
134,0.5310133060388949,0.49943697152099586,0.18638655462184872
135,0.5630501535312185,0.5441311958724895,0.0908235294117647
136,0.5659365404298873,0.5445201973670741,0.12421848739495799
137,0.5451791197543505,0.519787891816637,0.16532773109243698
138,0.4960491299897649,0.5024466146633091,0.16364705882352937
139,0.5560081883316275,0.48893393116720896,0.23952941176470588
140,0.5002661207778916,0.5534262842167759,0.27947899159663864
141,0.6394472876151487,0.5214667403722131,0.26430252100840335
142,0.6786898669396115,0.6317998484941545,0.36431932773109243
143,0.6039099283520986,0.6180619536064533,0.3822689075630252
144,0.57914022517912,0.5872079929570253,0.14139495798319324
145,0.525772773797339,0.5814958131154926,0.2677647058823529
146,0.5132446264073693,0.5006039760047498,0.15857142857142853
147,0.49821903787103405,0.5080973732162235,0.14605042016806719
148,0.47672466734902796,0.45519316995270565,0.0
149,0.5009007164790176,0.4824846958622526,0.1304201680672269
150,0.42307062436028664,0.45590975165325665,0.3384873949579832
151,0.5379119754350055,0.4497062015027744,0.2647563025210084
152,0.5416786079836236,0.5333415228384824,0.1780504201680672
153,0.5134902763561926,0.5390332289171424,0.23030252100840332
154,0.5309723643807578,0.5053129414655118,0.17216806722689076
155,0.5203480040941657,0.49177978420653945,0.0972436974789916
156,0.5578505629477997,0.49462563724586905,0.16658823529411765
157,0.58014329580348,0.5512560653522511,0.1737983193277311
158,0.6277993858751278,0.5873103617713902,0.16399999999999998
159,0.5790583418628454,0.6151751530413776,0.24546218487394955
160,0.520777891504606,0.5360031120119566,0.12169747899159662
161,0.5566223132036847,0.5076674241958932,0.26201680672268907
162,0.5903377686796318,0.5399340744835492,0.24588235294117644
163,0.5952507676560903,0.5696005568863503,0.21810084033613442
164,0.5477584442169912,0.5790184878078741,0.4767899159663866
165,0.4491095189355172,0.4949327436889628,0.38310924369747895
166,0.6057727737973391,0.46467252216284827,0.5639663865546218
167,0.5070829068577276,0.5650349077656984,0.7752941176470589
168,0.5725281473899693,0.6056548533054888,0.4939327731092437
169,0.6435619242579325,0.5105132772352228,0.2950252100840336
170,0.5950255885363358,0.6288311528775874,0.19754621848739495
171,0.638464687819857,0.6215834408205883,0.10872268907563025
172,0.6204503582395091,0.6089101816022766,0.2277983193277311
173,0.6742681678607987,0.5940257559936941,0.26868907563025207
174,0.694738996929376,0.6547918842003968,0.18045378151260505
175,0.6404503582395091,0.6660319800176073,0.20336134453781513
176,0.6497031729785059,0.6033003705751083,0.13357983193277312
177,0.6530603889457529,0.6403578813750177,0.29573109243697476
178,0.5699488229273286,0.5793460680138405,0.4497310924369748
179,0.6873694984646881,0.5822533423417893,0.37648739495798317
180,0.7178915046059369,0.6907847593309175,0.1639663865546218
181,0.7356806550665302,0.7127940544192617,0.2690084033613445
182,0.768433981576254,0.7371783060008599,0.14852100840336135
183,0.8278607983623338,0.7560960628953994,0.27225210084033613
184,0.8421289662231324,0.8266486497553385,0.10141176470588235
185,0.8312180143295809,0.8186843559977892,0.21850420168067225
186,0.8441760491299899,0.820506520893475,0.15954621848739492
187,0.8259365404298875,0.8175378252769074,0.1801176470588235
188,0.8175639713408396,0.8181110906373479,0.18568067226890755
189,0.8046468781985676,0.7908809860164197,0.19724369747899156
190,0.7853224155578302,0.7905329320475811,0.15944537815126048
191,0.7344728761514845,0.761194029850746,0.1426218487394958
192,0.8071647901740024,0.7459615502733246,0.6474285714285715
193,0.7779938587512798,0.7857830190610731,0.12660504201680672
194,0.7540225179119759,0.7503634092909937,0.0990252100840336
195,0.7411258955987723,0.7357041950740126,0.1524033613445378
196,0.7720573183213921,0.7207992957025571,0.1673781512605042
197,0.7929989764585468,0.7579591753168313,0.08401680672268906
198,0.7760081883316277,0.7664762606719489,0.21756302521008403
199,0.7807164790174004,0.744896914603935,0.18099159663865544
200,0.7584032753326508,0.7825481645271584,0.1266890756302521
201,0.7852200614124873,0.751980836557951,0.1133781512605042
202,0.760245649948823,0.757160698564789,0.1552941176470588
203,0.8146366427840328,0.7702639068034314,0.27458823529411763
204,0.836438075742068,0.8011997625043503,0.3345378151260504
205,0.8636642784032755,0.8261982269721351,0.2292436974789916
206,0.9244421699078815,0.8681489670986631,0.2363865546218487
207,0.9473490276356196,0.9145015662428597,0.13383193277310923
208,0.9301535312180147,0.9354052781360687,0.19115966386554623
209,0.9319959058341869,0.8969350776979299,0.11052100840336133
210,0.9079222108495397,0.9182482648485966,0.12102521008403362
211,0.8707881269191406,0.878283479720738,0.08635294117647059
212,0.8582599795291714,0.8463648834019204,0.08813445378151259
213,0.8466734902763564,0.84757283541142,0.06821848739495799
214,0.8646878198567043,0.8386872223245914,0.07482352941176469
215,0.8598567041965204,0.8479823106688777,0.06756302521008402
216,0.8626816786079838,0.8354933153164219,0.1589411764705882
217,0.9035209825997956,0.852302274635055,0.15124369747899158
218,0.9082088024564996,0.8690088651393237,0.19221848739495795
219,0.9250358239508705,0.9220768585058248,0.1168235294117647
220,0.9223746161719553,0.9026267837765904,0.11194957983193278
221,0.9387103377686801,0.910550130008394,0.1044033613445378
222,0.9459774820880247,0.935016276641484,0.1104873949579832
223,0.93367451381781,0.9286079888622729,0.16946218487394954
224,0.92403275332651,0.9173678930450624,0.2380504201680672
225,0.9027430910951892,0.8801670659050429,0.0666890756302521
226,0.9100511770726718,0.8811702802858137,0.059546218487394956
227,0.8554350051177075,0.8872509878590589,0.17248739495798315
228,0.897625383828045,0.8705853448805354,0.19173109243697478
229,0.8824769703172981,0.8587719837028849,0.21179831932773108
230,0.9097850562947802,0.8645455848330363,0.24973109243697478
231,1.0,0.9113281329975638,0.28726050420168064
232,0.9550870010235419,0.9780930737260198,0.3404033613445378
233,0.9252814738996928,0.9585201564195485,0.31030252100840333
234,0.9629068577277384,0.9220973322686978,0.7850588235294118
235,0.8086796315250773,0.8255635403230759,0.43082352941176466
236,0.8160081883316277,0.7987019634338597,0.19966386554621846
237,0.8311770726714438,0.8011997625043503,0.20302521008403357
238,0.835025588536336,0.8294740290317959,0.20815126050420169
239,0.7822313203684752,0.8298220830006344,0.21835294117647058
240,0.8253633572159673,0.7958970579202753,0.10593277310924369
241,0.823295803480041,0.8120918043527219,0.15490756302521008
242,0.7661003070624361,0.8056220952848925,0.2518487394957983
243,0.7267144319344934,0.7446102819237148,0.16028571428571425
244,0.7561310133060393,0.7357656163626314,0.060134453781512595
245,0.7356806550665302,0.7360522490428516,0.06223529411764704
246,0.6983623336745142,0.7110742583379399,0.06421848739495799
247,0.6632139201637668,0.6828409393362405,0.12114285714285715
248,0.7140225179119759,0.6316360583911718,0.019075630252100836
249,0.6442784032753326,0.6845197878918166,0.07594957983193278
250,0.6789969293756397,0.6580676862600576,0.14608403361344535
251,0.6382190378710342,0.6531335094076938,0.13065546218487395
252,0.6865506653019451,0.632987326740782,0.17109243697478987
253,0.7032139201637673,0.6650901869254549,0.1723529411764706
254,0.7254452405322418,0.678725712998792,0.3655798319327731
255,0.7592016376663255,0.7401674753803,0.16842016806722687
256,0.7879017400204709,0.7404745818233933,0.25872268907563023
257,0.7833776867963156,0.7704276969064141,0.31519327731092434
258,0.7563766632548616,0.7594128124808059,0.2781848739495798
259,0.7207164790174003,0.7694244825256433,0.1584873949579832
260,0.735516888433982,0.7196527649816757,0.2542857142857143
261,0.7197338792221086,0.7213725610629975,0.17852100840336133
262,0.7198771750255886,0.6888602256208669,0.16910924369747898
263,0.6968270214943706,0.6969678357185267,0.10011764705882352
264,0.6802865916069605,0.6820424625841985,0.08922689075630251
265,0.6767451381780965,0.6652744507913111,0.11013445378151261
266,0.704114636642784,0.6687754642425734,0.18428571428571427
267,0.720880245649949,0.69442908912229,0.17442016806722688
268,0.7247492323439104,0.7027619106115512,0.15786554621848736
269,0.6916683725690893,0.7068976107118727,0.25694117647058823
270,0.6392016376663254,0.6699629424892,0.41196638655462187
271,0.5760081883316275,0.5983047724341257,0.5478151260504202
272,0.5585670419651998,0.5521773846815305,0.12191596638655462
273,0.5637256908904811,0.5329320475810246,0.18401680672268905
274,0.58532241555783,0.5657105419405033,0.06761344537815127
275,0.5860388945752306,0.5685154474540877,0.054000000000000006
276,0.5514431934493347,0.5695596093606046,0.08035294117647059
277,0.5919754350051178,0.5477550519009888,0.06763025210084032
278,0.5698669396110545,0.5655672256003932,0.09245378151260504
279,0.5432548618219042,0.5361464283520672,0.1790252100840336
280,0.5749027635619246,0.5599369408103514,0.09714285714285713
281,0.5823336745138179,0.5657310157033759,0.09621848739495799
282,0.606509723643808,0.5673279692074602,0.18117647058823527
283,0.6242579324462643,0.6118174559302254,0.2114285714285714
284,0.6136949846468784,0.605224904285159,0.13719327731092434
285,0.6026202661207782,0.6095039207255901,0.18685714285714283
286,0.539365404298874,0.575681264459595,0.2771596638655462
287,0.5404298874104403,0.513522920377536,0.09959663865546219
288,0.5184646878198569,0.5153041377474765,0.1699327731092437
289,0.4482906857727742,0.4979833343570217,0.1908739495798319
290,0.4600818833162741,0.44741314006101174,0.2109579831932773
291,0.4777482088024567,0.4469012959891896,0.17243697478991593
292,0.44151484135107477,0.47699772741232094,0.1777142857142857
293,0.47860798362333723,0.43160739512314983,0.17070588235294115
294,0.5013715455475949,0.45795712794054433,0.22326050420168064
295,0.47615148413510777,0.4822390107077781,0.3088067226890756
296,0.4690481064483114,0.44063632455008905,0.3670756302521008
297,0.5293346980552713,0.4399197428495385,0.9583361344537816
298,0.5780143295803484,0.5446839874700569,0.46564705882352936
299,0.5806550665301948,0.5518702782384373,0.2374453781512605
300,0.5494370522006142,0.5767049526032388,0.21601680672268908
301,0.5698874104401228,0.547918842003972,0.14242016806722685
302,0.5334288638689868,0.5560469258645044,0.3395462184873949
303,0.5013920163766632,0.4879511905493108,0.13107563025210084
304,0.504135107471853,0.46735458509919514,0.09438655462184874
305,0.4725690890481067,0.46991380545830497,0.1572941176470588
306,0.47365404298874125,0.444874393464775,0.16707563025210082
307,0.4700921187308089,0.4682963781913476,0.1885882352941176
308,0.4491709314227226,0.4346989333169544,0.16001680672268903
309,0.4554350051177076,0.4139385377638556,0.21811764705882353
310,0.5031115660184242,0.4603935057224171,0.182
311,0.40452405322415563,0.4543946932006633,0.307109243697479
312,0.44120777891504614,0.43181213275187824,0.3121344537815126
313,0.46468781985670393,0.4194255062137868,0.42764705882352944
314,0.43109518935516933,0.4696066990152121,0.4635294117647059
315,0.41205731832139225,0.40417255287349274,0.533781512605042
316,0.538955987717503,0.40777593513911947,0.3919159663865546
317,0.511729785056295,0.5043097270847405,0.435344537815126
318,0.5133060388945752,0.4479249841328339,0.30001680672268904
319,0.5719344933469808,0.5023851933746903,0.4633109243697479
320,0.5976458546571135,0.5860205147103987,0.2581512605042017
321,0.6095803480040947,0.5897057920275168,0.33966386554621847
322,0.6492118730808598,0.5984480887742358,0.415781512605042
323,0.7261617195496419,0.6687754642425734,0.37376470588235294
324,0.7143295803480041,0.7019224863337632,0.1613781512605042
325,0.7066120777891505,0.6984009991196283,0.23270588235294115
326,0.7598976458546574,0.6800155600597835,0.24337815126050416
327,0.746018423746162,0.7332882910550129,0.2531764705882353
328,0.6937154554759468,0.7228671457527178,0.2393613445378151
329,0.6480655066530199,0.6584566877546427,0.1654117647058823
330,0.5981576253838283,0.6290973117949346,0.13924369747899157
331,0.6171545547594679,0.600147411092685,0.07734453781512605
332,0.5680859774820886,0.5875765206887373,0.12159663865546218
333,0.5268372569089048,0.5658333845177408,0.3023865546218487
334,0.6323848515864894,0.5397702843805665,0.3458823529411765
335,0.6578915046059368,0.6063304874802942,0.2950756302521008
336,0.7023132036847497,0.6341543312245359,0.24189915966386555
337,0.6780757420675538,0.6877751161886043,0.1406218487394958
338,0.651054247697032,0.6558155723440411,0.09339495798319326
339,0.6520982599795295,0.6185737976782755,0.11623529411764706
340,0.6314841351074718,0.6264561963843334,0.22947899159663865
341,0.5980348004094167,0.6056548533054888,0.16450420168067226
342,0.5993039918116687,0.5890915791413303,0.21655462184873947
343,0.5789764585465713,0.5806154413119584,0.19510924369747895
344,0.5193449334698057,0.5424113997911677,0.22794957983193276
345,0.5105015353121805,0.5044120958991054,0.14628571428571424
346,0.5241555783009213,0.5052719939397661,0.35346218487394954
347,0.46112589559877204,0.48829924451814977,0.7074117647058824
348,0.5307062436028658,0.40935241488033114,0.44213445378151256
349,0.5820880245649951,0.5070122637839609,0.31734453781512606
350,0.47770726714431966,0.5664271236410543,0.5248067226890757
351,0.6141044012282499,0.5213029502692303,0.5829579831932773
352,0.6689866939611058,0.6376143971500521,0.8711260504201681
353,0.7684135107471857,0.7653502037139406,0.49862184873949583
354,0.7844216990788127,0.766640050774932,0.183563025210084
355,0.7719549641760493,0.7567102757815856,0.19462184873949578
356,0.7929989764585468,0.775361873758778,0.1455126050420168
357,0.7920368474923238,0.7775730401490488,0.2352268907563025
358,0.7780757420675539,0.7664762606719489,0.13282352941176467
359,0.7868167860798363,0.7442622279548758,0.19285714285714284
360,0.7574206755373591,0.7542534242368406,0.20974789915966385
361,0.7025588536335721,0.7296644350265136,0.12917647058823528
362,0.6907062436028659,0.6873656409311466,0.13759663865546218
363,0.6934083930399182,0.6719488974878693,0.1119327731092437
364,0.6872876151484135,0.67835718526708,0.11472268907563025
365,0.6953735926305016,0.6611592244538627,0.18726050420168067
366,0.6335312180143298,0.6610568556394982,0.20510924369747896
367,0.638055271238485,0.6229756566959441,0.06929411764705883
368,0.627185261003071,0.6190651679872246,0.055092436974789924
369,0.6506038894575235,0.624490715148537,0.10613445378151261
370,0.6353735926305015,0.6273979894764858,0.08794957983193276
371,0.619918116683726,0.6193722744303174,0.13505882352941173
372,0.6068986693961107,0.589623896976025,0.09978151260504202
373,0.5594882292732857,0.5809430215179248,0.14403361344537813
374,0.5166837256908905,0.5434555616976846,0.14779831932773108
375,0.5217400204708293,0.5028970374465125,0.07922689075630253
376,0.5355783009211876,0.5081178469790966,0.04794957983193278
377,0.5444831115660183,0.5168191962000699,0.06845378151260505
378,0.5486591606960087,0.5283868722232459,0.03527731092436974
379,0.5514431934493347,0.534549474847982,0.030336134453781513
380,0.5624769703172983,0.5386237536596847,0.09631932773109243
381,0.5737973387922213,0.5441721433982352,0.1222689075630252
382,0.5780962128966225,0.5569068239051655,0.10228571428571427
383,0.5646468781985674,0.5677783919906636,0.13541176470588234
384,0.5387103377686797,0.5409782363900661,0.416655462184874
385,0.5217400204708293,0.5112298589357738,0.14104201680672268
386,0.5147594677584442,0.49878181110906405,0.11346218487394959
387,0.5105015353121805,0.4934176852363694,0.1655798319327731
388,0.512773797338792,0.4999692893556906,0.07626890756302519
389,0.5142067553735927,0.4946665847716156,0.14278991596638652
390,0.4819856704196521,0.4848187048297605,0.140235294117647
391,0.44196519959058334,0.46055729582539984,0.12211764705882354
392,0.4306448311156603,0.4336957189361832,0.20857142857142857
393,0.4650562947799388,0.4178695002354482,0.20672268907563024
394,0.47039918116683754,0.4448948672276476,0.1981848739495798
395,0.4899078812691915,0.46762074401654274,0.259781512605042
396,0.5231525076765613,0.4700980693241612,0.3503193277310924
397,0.5596110542476973,0.5231455889277892,0.18694117647058822
398,0.528045035823951,0.5409987101529392,0.1785882352941176
399,0.5194882292732861,0.5092848514628505,0.019445378151260503
400,0.5128761514841353,0.49986692054132664,0.003025210084033614
401,0.49011258955987724,0.4965501709559197,0.06746218487394957
402,0.4818423746161722,0.46452920582273816,0.028134453781512594
403,0.5100921187308085,0.4670474786561023,0.10532773109243697
404,0.4874718526100308,0.4928034723501833,0.08058823529411764
405,0.47979529170931423,0.46811211432549227,0.03300840336134454
406,0.48536335721596746,0.4788198923080076,0.057428571428571426
407,0.49166837256908913,0.4779190467416008,0.0389579831932773
408,0.49795291709314204,0.48395880678909986,0.04423529411764705
409,0.506407369498465,0.4912679401347173,0.1824705882352941
410,0.5106038894575233,0.5129087074913499,0.08485714285714284
411,0.5097850562947803,0.5008291873963517,0.10021848739495799
412,0.5086591606960083,0.48094916364678664,0.034588235294117656
413,0.4956601842374617,0.49591548430686094,0.11421848739495798
414,0.49001023541453437,0.48154290277010015,0.1051764705882353
415,0.4824974411463665,0.48078537354380346,0.24440336134453777
416,0.47570112589559876,0.46121245623733165,0.13569747899159662
417,0.4678403275332652,0.4613967201031879,0.27416806722689074
418,0.471586489252815,0.46250230329832354,0.7521344537815127
419,0.4050153531218017,0.37600065516041203,0.27914285714285714
420,0.3800409416581374,0.3760825502119034,0.137781512605042
421,0.3805117707267147,0.37000184263865865,0.12373109243697479
422,0.41875127942681667,0.3639620825911596,0.15636974789915964
423,0.422579324462641,0.40394734148189126,0.15077310924369747
424,0.4178710337768683,0.3973343160739513,0.16895798319327732
425,0.4307676560900715,0.41965071760538875,0.09594957983193277
426,0.4233776867963157,0.4160882828655077,0.051109243697478976
427,0.4278607983623339,0.4127101119914829,0.060857142857142846
428,0.42679631525076767,0.40967999508629704,0.10398319327731091
429,0.4160081883316278,0.40513481972851784,0.1381176470588235
430,0.38571136131013306,0.40513481972851784,0.18589915966386555
431,0.3985261003070626,0.3685891530004297,0.07638655462184875
432,0.39791197543500534,0.37782282005609824,0.09858823529411763
433,0.36720573183213956,0.3805458305181908,0.1418655462184874
434,0.35244626407369495,0.36324550089060903,0.18016806722689072
435,0.3503377686796316,0.3255533034416396,0.05863865546218487
436,0.3417400204708292,0.33640439776426523,0.06292436974789915
437,0.3583009211873083,0.3269659930798683,0.13952941176470585
438,0.33854657113613107,0.3397620948754172,0.22221848739495798
439,0.31858751279426833,0.3215199721556825,0.11630252100840337
440,0.2909314227226205,0.3114673545850992,0.2732268907563025
441,0.27854657113613124,0.2654628094097413,0.16198319327731092
442,0.2841965199590586,0.25901357410478476,0.19571428571428567
443,0.2909928352098261,0.27739901316462956,0.061495798319327735
444,0.30196519959058343,0.28618225743709425,0.11122689075630253
445,0.2806755373592633,0.2861617836742214,0.21766386554621847
446,0.2718321392016376,0.26429580492598737,0.0897142857142857
447,0.2751074718526101,0.24973895952337077,0.1285378151260504
448,0.28550665301944744,0.2610814241549455,0.21603361344537814
449,0.2976049129989766,0.2709907253854187,0.1207563025210084
450,0.29658137154554765,0.2920991749073565,0.0649579831932773
451,0.29948822927328567,0.2843396187785354,0.09678991596638654
452,0.30006141248720586,0.2774604344532481,0.10563025210084033
453,0.3051791197543503,0.27361136703314703,0.048907563025210085
454,0.29402251791197553,0.290973117949348,0.06852100840336135
455,0.2932446264073696,0.2748602665683926,0.11472268907563025
456,0.29936540429887426,0.27375468337325737,0.1257983193277311
457,0.32108495394063485,0.29527260815265244,0.05613445378151259
458,0.2982190378710339,0.30192658108633785,0.16544537815126048
459,0.2764585465711362,0.278156542390926,0.06914285714285713
460,0.2442784032753329,0.262023217247098,0.07557983193277311
461,0.26870010235414554,0.2464222099379645,0.05722689075630251
462,0.28370522006141274,0.25127449173883676,0.08040336134453781
463,0.29291709314227243,0.2643572262146061,0.09843697478991596
464,0.279181166837257,0.2760067972892739,0.07152941176470588
465,0.25862845445240557,0.2715435169829863,0.17919327731092433
466,0.25619242579324464,0.23155825809225483,0.09954621848739496
467,0.2586693961105426,0.2424298261777531,0.10563025210084033
468,0.29136131013306055,0.24545994308293917,0.16584873949579831
469,0.28788126919140233,0.2794668632147903,0.1069579831932773
470,0.28743091095189355,0.26679360399647867,0.06682352941176471
471,0.28341862845445265,0.26853387384067307,0.07423529411764705
472,0.251975435005118,0.2504350674610487,0.15257142857142858
473,0.27508700102354156,0.23712712159367788,0.33588235294117647
474,0.28214943705220086,0.27088835657105426,0.11630252100840337
475,0.2941044012282499,0.27930307311180735,0.13381512605042017
476,0.3007164790174004,0.28249698011997637,0.12384873949579832
477,0.2934083930399183,0.28257887517146774,0.0917142857142857
478,0.3039508700102356,0.27133877935425743,0.06974789915966385
479,0.3024564994882295,0.28636652130295026,0.22361344537815125
480,0.3013101330603889,0.2841553549126794,0.11658823529411765
481,0.3262640736949849,0.28198513604815423,0.26463865546218485
482,0.30167860798362356,0.30825297381405736,0.1856974789915966
483,0.3450562947799387,0.2963372438220422,0.5057142857142858
484,0.3524257932446264,0.32254366029932635,0.25423529411764706
485,0.3481678607983625,0.3301599000880371,0.8781008403361344
486,0.3960696008188336,0.39010707777982523,0.5505210084033614
487,0.38562947799385894,0.3809553057756485,0.12678991596638656
488,0.4020061412487208,0.3775771349016237,0.11924369747899159
489,0.3876970317297852,0.3787646131482507,0.11818487394957984
490,0.3536131013306041,0.3668488831562353,0.11838655462184873
491,0.35967246673490294,0.3443482177589421,0.1599327731092437
492,0.35492323439099294,0.34629322523186534,0.06230252100840335
493,0.34837256908904823,0.3297913723563255,0.1370924369747899
494,0.32802456499488253,0.3273549945744527,0.15011764705882352
495,0.3068577277379734,0.29842556763507555,0.12643697478991595
496,0.2893142272262028,0.2932457056282374,0.12480672268907562
497,0.2668781985670421,0.27238294126077434,0.1604033613445378
498,0.2546161719549642,0.24552136437155792,0.2194957983193277
499,0.2529785056294782,0.25487787400446327,0.2328067226890756
500,0.2714431934493349,0.2286714575271791,0.16569747899159665
501,0.2934902763561926,0.24959564318326066,0.265344537815126
502,0.3085568065506654,0.2662612861617839,0.4197983193277311
503,0.30714431934493347,0.3137399422639888,0.34230252100840336
504,0.32953940634595713,0.2872878406322299,0.2915462184873949
505,0.38767656090071645,0.33642487152713807,0.13596638655462184
506,0.35799385875127965,0.36508813954916786,0.14371428571428568
507,0.36079836233367457,0.34569948610855183,0.05052100840336134
508,0.3483520982599797,0.3497328173945089,0.07608403361344539
509,0.35760491299897645,0.3300780050365457,0.09889075630252099
510,0.3460184237461619,0.34283315930634894,0.12771428571428572
511,0.321985670419652,0.30884671293737087,0.3109747899159664
512,0.30174002047082915,0.31204061994553967,0.2888571428571428
513,0.35799385875127965,0.32790778617202054,0.13388235294117645
514,0.3509109518935518,0.3331695432303503,0.21789915966386553
515,0.32364380757420697,0.3153778432938188,0.58709243697479
516,0.4193858751279427,0.332391540241181,0.4939495798319327
517,0.41680655066530203,0.40232991421493347,0.16453781512605042
518,0.40628454452405327,0.3966382081362734,0.11179831932773109
519,0.41492323439099277,0.3867698544315461,0.14171428571428568
520,0.40382804503582426,0.4015109637000185,0.11260504201680673
521,0.3847901740020472,0.38562332371066477,0.17253781512605038
522,0.3896417604913003,0.36959236738120094,0.10042016806722688
523,0.4003889457523031,0.36713551583645554,0.17062184873949576
524,0.3927942681678611,0.3857256925250292,0.13568067226890757
525,0.3917707267144319,0.37978830129189456,0.15588235294117647
526,0.3651586489252816,0.37690150072681883,0.20927731092436974
527,0.3575025588536338,0.3477263886329669,0.07127731092436974
528,0.3466530194472879,0.33327191204471474,0.14058823529411762
529,0.3201228249744117,0.3200049137030896,0.11403361344537814
530,0.3115660184237463,0.300718629076838,0.10947899159663864
531,0.29187308085977515,0.29222201748459353,0.18346218487394955
532,0.32564994882292764,0.27516737301148564,0.2924705882352941
533,0.3335312180143297,0.321110496898225,0.06598319327731093
534,0.3166223132036847,0.31007513870974357,0.10568067226890755
535,0.3218628454452408,0.301721843457609,0.08504201680672267
536,0.3084339815762538,0.303257375673075,0.05415126050420167
537,0.3185261003070625,0.30110763057142287,0.07346218487394958
538,0.3289866939611057,0.3049362242286511,0.16453781512605042
539,0.30057318321392046,0.308990029277481,0.19626890756302517
540,0.3195496417604915,0.29177159470139014,0.15236974789915964
541,0.30638689866939606,0.30086194541694833,0.20650420168067224
542,0.27723643807574216,0.2880248960956535,0.18754621848739494
543,0.27154554759467775,0.2647667014720636,0.17519327731092438
544,0.2528761514841351,0.2560244047253446,0.27208403361344535
545,0.26280450358239515,0.23903118154085545,0.5272268907563026
546,0.18296827021494377,0.17130397395737385,0.2745210084033613
547,0.18581371545547598,0.16659500849661169,0.10326050420168066
548,0.16712384851586504,0.16598079561042534,0.2233781512605042
549,0.1388331627430912,0.14569129660340274,0.16598319327731093
550,0.12282497441146378,0.10478471838339187,0.07798319327731092
551,0.12102354145342886,0.10709825358802716,0.08065546218487395
552,0.11621289662231327,0.09978912024240949,0.062420168067226875
553,0.10628454452405323,0.09462973199844416,0.03820168067226891
554,0.083439099283521,0.09696374096595228,0.05717647058823529
555,0.0827430910951894,0.0663554654709988,0.0613109243697479
556,0.07746161719549649,0.06897610711872759,0.07174789915966386
557,0.08409416581371554,0.06574125258481267,0.04460504201680672
558,0.08376663254861816,0.06946747742767667,0.05668907563025209
559,0.09084953940634599,0.07028642794259166,0.06768067226890755
560,0.1000614124872059,0.07642855680445515,0.13860504201680668
561,0.1107267144319346,0.08422906045902168,0.19265546218487395
562,0.09699078812691919,0.09172245767049536,0.10749579831932772
563,0.09852610030706255,0.10028049055135857,0.2118487394957983
564,0.09459570112589577,0.0819564727801323,0.12304201680672268
565,0.10513817809621306,0.08539606494277585,0.04042016806722688
566,0.08624360286591615,0.08619454169481822,0.125781512605042
567,0.07997952917093154,0.06727678480027843,0.1361848739495798
568,0.056233367451381966,0.0629363470712283,0.20599999999999996
569,0.08470829068577279,0.05603668898306835,0.23475630252100838
570,0.08345957011258953,0.06527035603873643,0.43341176470588233
571,0.10002047082906862,0.08605122535470788,0.1105546218487395
572,0.1421494370522005,0.08674733329238582,0.30741176470588233
573,0.1409621289662233,0.12312920991749077,0.14005042016806724
574,0.1495598771750255,0.13226050815879464,0.19485714285714284
575,0.14311156601842367,0.12740822635792237,0.06648739495798318
576,0.13780962128966245,0.12411195053538893,0.10487394957983194
577,0.12923234390992855,0.11903445734291496,0.05929411764705882
578,0.12325486182190404,0.1163114468808224,0.07692436974789917
579,0.12708290685772794,0.10982126405011972,0.10549579831932772
580,0.10863868986693981,0.10251213070450227,0.10736134453781511
581,0.1074718526100309,0.09391315029789338,0.05376470588235295
582,0.09547594677584459,0.08881518334254657,0.055428571428571424
583,0.09465711361310136,0.0808713633478697,0.05697478991596637
584,0.09891504605936552,0.08457711442786087,0.04976470588235295
585,0.11400204708290684,0.08615359416907253,0.0910924369747899
586,0.10390992835209834,0.10028049055135857,0.18652100840336133
587,0.09566018423746181,0.07608050283561618,0.11331092436974789
588,0.09074718526100334,0.0857850664373605,0.05065546218487395
589,0.09627430910951906,0.08197694654300514,0.107109243697479
590,0.10329580348004108,0.0885080768994535,0.11391596638655462
591,0.09699078812691919,0.08924513236287712,0.08663865546218487
592,0.09697031729785066,0.08496611592244552,0.09267226890756301
593,0.08329580348004084,0.07939725242102247,0.12643697478991595
594,0.07754350051177084,0.07042974428270177,0.049781512605042
595,0.07817809621289662,0.06049996928935597,0.1089579831932773
596,0.08014329580348001,0.06604835902790573,0.10998319327731092
597,0.0759058341862846,0.06385766640050794,0.0986218487394958
598,0.06618219037871054,0.05544294985975484,0.11868907563025209
599,0.06368474923234402,0.04563601744364587,0.08156302521008403
600,0.06122824974411456,0.04526748971193428,0.09971428571428571
601,0.0509314227226203,0.043936695125197156,0.1609579831932773
602,0.04155578300921192,0.028356161578936723,0.10789915966386555
603,0.04607983623336742,0.025305570910877817,0.13768067226890757
604,0.02943705220061421,0.02147697725364961,0.16475630252100837
605,0.04786079836233381,0.015293900866040211,0.2591764705882353
606,0.0386489252814739,0.025428413488115087,0.2203865546218487
607,0.07459570112589553,0.03288086317384287,0.4719327731092437
608,0.11950870010235426,0.07628524046434504,0.5115294117647059
609,0.11961105424769691,0.10075138709743481,0.4679663865546218
610,0.10835209825997949,0.10376103023974803,0.1590756302521008
611,0.0949027635619244,0.08549843375714028,0.16462184873949576
612,0.06343909928352098,0.07505681469197212,0.2938655462184874
613,0.0582804503582397,0.04176647626067198,0.10038655462184874
614,0.05809621289662248,0.033986446368978296,0.060773109243697485
615,0.05973387922210849,0.0435067461048666,0.05357983193277312
616,0.06014329580348021,0.040312839096697806,0.1230252100840336
617,0.062190378710337946,0.04743770857645946,0.09769747899159663
618,0.05682702149437069,0.044550908011383505,0.10766386554621847
619,0.05322415557830107,0.0452265421861886,0.10361344537815124
620,0.05414534288638717,0.037344143480130265,0.08210084033613445
621,0.05271238485158647,0.03973957373625692,0.1176470588235294
622,0.02941658137154568,0.035706242450300074,0.21986554621848736
623,0.014083930399181321,0.010748725508261225,0.10615126050420166
624,0.018976458546571262,0.0,0.13552941176470584
625,0.0,0.0004913703089490795,0.2101008403361344
